location,weekday,hour,event_count
Filter Site,0,0,13
Filter Site,0,1,7
Filter Site,0,2,7
Filter Site,0,3,6
Filter Site,0,4,6
Filter Site,0,5,7
Filter Site,0,6,10
Filter Site,0,7,15
Filter Site,0,8,10
Filter Site,0,9,7
Filter Site,0,10,12
Filter Site,0,11,8
Filter Site,0,12,13
Filter Site,0,13,12
Filter Site,0,14,8
Filter Site,0,15,14
Filter Site,0,16,10
Filter Site,0,17,17
Filter Site,0,18,12
Filter Site,0,19,13
Filter Site,0,20,12
Filter Site,0,21,12
Filter Site,0,22,16
Filter Site,0,23,3
Filter Site,1,0,12
Filter Site,1,1,6
Filter Site,1,2,6
Filter Site,1,3,6
Filter Site,1,4,6
Filter Site,1,5,6
Filter Site,1,6,12
Filter Site,1,7,8
Filter Site,1,8,8
Filter Site,1,9,6
Filter Site,1,10,7
Filter Site,1,11,7
Filter Site,1,12,11
Filter Site,1,13,10
Filter Site,1,14,7
Filter Site,1,15,9
Filter Site,1,16,6
Filter Site,1,17,11
Filter Site,1,18,7
Filter Site,1,19,10
Filter Site,1,20,7
Filter Site,1,21,7
Filter Site,1,22,8
Filter Site,1,23,1
Filter Site,2,0,12
Filter Site,2,1,9
Filter Site,2,2,7
Filter Site,2,3,6
Filter Site,2,4,7
Filter Site,2,5,7
Filter Site,2,6,13
Filter Site,2,7,9
Filter Site,2,8,8
Filter Site,2,9,9
Filter Site,2,10,12
Filter Site,2,11,9
Filter Site,2,12,10
Filter Site,2,13,14
Filter Site,2,14,12
Filter Site,2,15,12
Filter Site,2,16,13
Filter Site,2,17,13
Filter Site,2,18,14
Filter Site,2,19,14
Filter Site,2,20,12
Filter Site,2,21,10
Filter Site,2,22,11
Filter Site,2,23,4
Filter Site,3,0,16
Filter Site,3,1,10
Filter Site,3,2,9
Filter Site,3,3,11
Filter Site,3,4,10
Filter Site,3,5,11
Filter Site,3,6,16
Filter Site,3,7,13
Filter Site,3,8,10
Filter Site,3,9,12
Filter Site,3,10,11
Filter Site,3,11,13
Filter Site,3,12,14
Filter Site,3,13,12
Filter Site,3,14,14
Filter Site,3,15,12
Filter Site,3,16,16
Filter Site,3,17,16
Filter Site,3,18,13
Filter Site,3,19,10
Filter Site,3,20,13
Filter Site,3,21,14
Filter Site,3,22,10
Filter Site,3,23,1
Filter Site,4,0,12
Filter Site,4,1,7
Filter Site,4,2,7
Filter Site,4,3,6
Filter Site,4,4,7
Filter Site,4,5,6
Filter Site,4,6,14
Filter Site,4,7,9
Filter Site,4,8,11
Filter Site,4,9,7
Filter Site,4,10,10
Filter Site,4,11,10
Filter Site,4,12,12
Filter Site,4,13,11
Filter Site,4,14,10
Filter Site,4,15,7
Filter Site,4,16,10
Filter Site,4,17,11
Filter Site,4,18,12
Filter Site,4,19,14
Filter Site,4,20,13
Filter Site,4,21,13
Filter Site,4,22,14
Filter Site,4,23,3
Filter Site,5,0,12
Filter Site,5,1,6
Filter Site,5,2,6
Filter Site,5,3,6
Filter Site,5,4,6
Filter Site,5,5,6
Filter Site,5,6,9
Filter Site,5,7,13
Filter Site,5,8,6
Filter Site,5,9,6
Filter Site,5,10,8
Filter Site,5,11,8
Filter Site,5,12,9
Filter Site,5,13,8
Filter Site,5,14,13
Filter Site,5,15,8
Filter Site,5,16,6
Filter Site,5,17,7
Filter Site,5,18,10
Filter Site,5,19,7
Filter Site,5,20,8
Filter Site,5,21,11
Filter Site,5,22,10
Filter Site,5,23,2
Filter Site,6,0,12
Filter Site,6,1,7
Filter Site,6,2,6
Filter Site,6,3,7
Filter Site,6,4,7
Filter Site,6,5,6
Filter Site,6,6,12
Filter Site,6,7,11
Filter Site,6,8,9
Filter Site,6,9,9
Filter Site,6,10,10
Filter Site,6,11,7
Filter Site,6,12,15
Filter Site,6,13,8
Filter Site,6,14,13
Filter Site,6,15,17
Filter Site,6,16,11
Filter Site,6,17,14
Filter Site,6,18,10
Filter Site,6,19,11
Filter Site,6,20,9
Filter Site,6,21,15
Filter Site,6,22,13
Filter Site,6,23,3
Sitio San Miguel,0,0,15
Sitio San Miguel,0,1,7
Sitio San Miguel,0,2,12
Sitio San Miguel,0,3,10
Sitio San Miguel,0,4,9
Sitio San Miguel,0,5,8
Sitio San Miguel,0,6,21
Sitio San Miguel,0,7,22
Sitio San Miguel,0,8,15
Sitio San Miguel,0,9,20
Sitio San Miguel,0,10,8
Sitio San Miguel,0,11,16
Sitio San Miguel,0,12,21
Sitio San Miguel,0,13,15
Sitio San Miguel,0,14,16
Sitio San Miguel,0,15,17
Sitio San Miguel,0,16,26
Sitio San Miguel,0,17,29
Sitio San Miguel,0,18,29
Sitio San Miguel,0,19,28
Sitio San Miguel,0,20,34
Sitio San Miguel,0,21,30
Sitio San Miguel,0,22,39
Sitio San Miguel,0,23,22
Sitio San Miguel,1,0,19
Sitio San Miguel,1,1,11
Sitio San Miguel,1,2,9
Sitio San Miguel,1,3,7
Sitio San Miguel,1,4,9
Sitio San Miguel,1,5,9
Sitio San Miguel,1,6,25
Sitio San Miguel,1,7,17
Sitio San Miguel,1,8,13
Sitio San Miguel,1,9,22
Sitio San Miguel,1,10,14
Sitio San Miguel,1,11,15
Sitio San Miguel,1,12,15
Sitio San Miguel,1,13,19
Sitio San Miguel,1,14,14
Sitio San Miguel,1,15,18
Sitio San Miguel,1,16,23
Sitio San Miguel,1,17,23
Sitio San Miguel,1,18,24
Sitio San Miguel,1,19,33
Sitio San Miguel,1,20,24
Sitio San Miguel,1,21,34
Sitio San Miguel,1,22,33
Sitio San Miguel,1,23,31
Sitio San Miguel,2,0,16
Sitio San Miguel,2,1,10
Sitio San Miguel,2,2,11
Sitio San Miguel,2,3,13
Sitio San Miguel,2,4,12
Sitio San Miguel,2,5,9
Sitio San Miguel,2,6,23
Sitio San Miguel,2,7,20
Sitio San Miguel,2,8,21
Sitio San Miguel,2,9,17
Sitio San Miguel,2,10,14
Sitio San Miguel,2,11,17
Sitio San Miguel,2,12,18
Sitio San Miguel,2,13,15
Sitio San Miguel,2,14,25
Sitio San Miguel,2,15,19
Sitio San Miguel,2,16,26
Sitio San Miguel,2,17,31
Sitio San Miguel,2,18,21
Sitio San Miguel,2,19,40
Sitio San Miguel,2,20,36
Sitio San Miguel,2,21,35
Sitio San Miguel,2,22,36
Sitio San Miguel,2,23,34
Sitio San Miguel,3,0,20
Sitio San Miguel,3,1,10
Sitio San Miguel,3,2,15
Sitio San Miguel,3,3,16
Sitio San Miguel,3,4,10
Sitio San Miguel,3,5,16
Sitio San Miguel,3,6,24
Sitio San Miguel,3,7,20
Sitio San Miguel,3,8,19
Sitio San Miguel,3,9,25
Sitio San Miguel,3,10,21
Sitio San Miguel,3,11,20
Sitio San Miguel,3,12,21
Sitio San Miguel,3,13,23
Sitio San Miguel,3,14,23
Sitio San Miguel,3,15,22
Sitio San Miguel,3,16,27
Sitio San Miguel,3,17,28
Sitio San Miguel,3,18,24
Sitio San Miguel,3,19,31
Sitio San Miguel,3,20,27
Sitio San Miguel,3,21,34
Sitio San Miguel,3,22,32
Sitio San Miguel,3,23,26
Sitio San Miguel,4,0,14
Sitio San Miguel,4,1,9
Sitio San Miguel,4,2,12
Sitio San Miguel,4,3,11
Sitio San Miguel,4,4,8
Sitio San Miguel,4,5,13
Sitio San Miguel,4,6,20
Sitio San Miguel,4,7,19
Sitio San Miguel,4,8,23
Sitio San Miguel,4,9,17
Sitio San Miguel,4,10,21
Sitio San Miguel,4,11,18
Sitio San Miguel,4,12,18
Sitio San Miguel,4,13,16
Sitio San Miguel,4,14,17
Sitio San Miguel,4,15,23
Sitio San Miguel,4,16,21
Sitio San Miguel,4,17,31
Sitio San Miguel,4,18,21
Sitio San Miguel,4,19,33
Sitio San Miguel,4,20,36
Sitio San Miguel,4,21,39
Sitio San Miguel,4,22,40
Sitio San Miguel,4,23,31
Sitio San Miguel,5,0,15
Sitio San Miguel,5,1,8
Sitio San Miguel,5,2,11
Sitio San Miguel,5,3,11
Sitio San Miguel,5,4,10
Sitio San Miguel,5,5,10
Sitio San Miguel,5,6,21
Sitio San Miguel,5,7,16
Sitio San Miguel,5,8,18
Sitio San Miguel,5,9,19
Sitio San Miguel,5,10,21
Sitio San Miguel,5,11,13
Sitio San Miguel,5,12,12
Sitio San Miguel,5,13,21
Sitio San Miguel,5,14,17
Sitio San Miguel,5,15,16
Sitio San Miguel,5,16,31
Sitio San Miguel,5,17,24
Sitio San Miguel,5,18,26
Sitio San Miguel,5,19,23
Sitio San Miguel,5,20,45
Sitio San Miguel,5,21,35
Sitio San Miguel,5,22,29
Sitio San Miguel,5,23,33
Sitio San Miguel,6,0,19
Sitio San Miguel,6,1,9
Sitio San Miguel,6,2,11
Sitio San Miguel,6,3,8
Sitio San Miguel,6,4,8
Sitio San Miguel,6,5,9
Sitio San Miguel,6,6,19
Sitio San Miguel,6,7,14
Sitio San Miguel,6,8,22
Sitio San Miguel,6,9,16
Sitio San Miguel,6,10,10
Sitio San Miguel,6,11,18
Sitio San Miguel,6,12,20
Sitio San Miguel,6,13,17
Sitio San Miguel,6,14,20
Sitio San Miguel,6,15,21
Sitio San Miguel,6,16,24
Sitio San Miguel,6,17,27
Sitio San Miguel,6,18,20
Sitio San Miguel,6,19,30
Sitio San Miguel,6,20,33
Sitio San Miguel,6,21,32
Sitio San Miguel,6,22,34
Sitio San Miguel,6,23,28
Sitio Tahna,0,0,12
Sitio Tahna,0,1,8
Sitio Tahna,0,2,8
Sitio Tahna,0,3,6
Sitio Tahna,0,4,6
Sitio Tahna,0,5,10
Sitio Tahna,0,6,15
Sitio Tahna,0,7,13
Sitio Tahna,0,8,13
Sitio Tahna,0,9,8
Sitio Tahna,0,10,11
Sitio Tahna,0,11,12
Sitio Tahna,0,12,18
Sitio Tahna,0,13,11
Sitio Tahna,0,14,14
Sitio Tahna,0,15,8
Sitio Tahna,0,16,22
Sitio Tahna,0,17,20
Sitio Tahna,0,18,21
Sitio Tahna,0,19,17
Sitio Tahna,0,20,24
Sitio Tahna,0,21,18
Sitio Tahna,0,22,20
Sitio Tahna,0,23,6
Sitio Tahna,1,0,12
Sitio Tahna,1,1,8
Sitio Tahna,1,2,8
Sitio Tahna,1,3,6
Sitio Tahna,1,4,7
Sitio Tahna,1,5,8
Sitio Tahna,1,6,10
Sitio Tahna,1,7,12
Sitio Tahna,1,8,8
Sitio Tahna,1,9,10
Sitio Tahna,1,10,7
Sitio Tahna,1,11,6
Sitio Tahna,1,12,10
Sitio Tahna,1,13,14
Sitio Tahna,1,14,8
Sitio Tahna,1,15,10
Sitio Tahna,1,16,9
Sitio Tahna,1,17,15
Sitio Tahna,1,18,15
Sitio Tahna,1,19,12
Sitio Tahna,1,20,9
Sitio Tahna,1,21,10
Sitio Tahna,1,22,16
Sitio Tahna,1,23,2
Sitio Tahna,2,0,13
Sitio Tahna,2,1,8
Sitio Tahna,2,2,8
Sitio Tahna,2,3,6
Sitio Tahna,2,4,6
Sitio Tahna,2,5,7
Sitio Tahna,2,6,13
Sitio Tahna,2,7,13
Sitio Tahna,2,8,9
Sitio Tahna,2,9,10
Sitio Tahna,2,10,14
Sitio Tahna,2,11,10
Sitio Tahna,2,12,7
Sitio Tahna,2,13,12
Sitio Tahna,2,14,13
Sitio Tahna,2,15,12
Sitio Tahna,2,16,10
Sitio Tahna,2,17,18
Sitio Tahna,2,18,21
Sitio Tahna,2,19,15
Sitio Tahna,2,20,12
Sitio Tahna,2,21,22
Sitio Tahna,2,22,18
Sitio Tahna,2,23,6
Sitio Tahna,3,0,18
Sitio Tahna,3,1,10
Sitio Tahna,3,2,13
Sitio Tahna,3,3,10
Sitio Tahna,3,4,9
Sitio Tahna,3,5,11
Sitio Tahna,3,6,15
Sitio Tahna,3,7,19
Sitio Tahna,3,8,12
Sitio Tahna,3,9,16
Sitio Tahna,3,10,13
Sitio Tahna,3,11,12
Sitio Tahna,3,12,16
Sitio Tahna,3,13,15
Sitio Tahna,3,14,16
Sitio Tahna,3,15,19
Sitio Tahna,3,16,27
Sitio Tahna,3,17,18
Sitio Tahna,3,18,16
Sitio Tahna,3,19,22
Sitio Tahna,3,20,22
Sitio Tahna,3,21,23
Sitio Tahna,3,22,10
Sitio Tahna,3,23,3
Sitio Tahna,4,0,14
Sitio Tahna,4,1,8
Sitio Tahna,4,2,6
Sitio Tahna,4,3,6
Sitio Tahna,4,4,8
Sitio Tahna,4,5,11
Sitio Tahna,4,6,10
Sitio Tahna,4,7,18
Sitio Tahna,4,8,13
Sitio Tahna,4,9,9
Sitio Tahna,4,10,8
Sitio Tahna,4,11,12
Sitio Tahna,4,12,11
Sitio Tahna,4,13,13
Sitio Tahna,4,14,14
Sitio Tahna,4,15,13
Sitio Tahna,4,16,21
Sitio Tahna,4,17,20
Sitio Tahna,4,18,20
Sitio Tahna,4,19,21
Sitio Tahna,4,20,22
Sitio Tahna,4,21,18
Sitio Tahna,4,22,19
Sitio Tahna,5,0,14
Sitio Tahna,5,1,8
Sitio Tahna,5,2,9
Sitio Tahna,5,3,6
Sitio Tahna,5,4,7
Sitio Tahna,5,5,7
Sitio Tahna,5,6,9
Sitio Tahna,5,7,15
Sitio Tahna,5,8,11
Sitio Tahna,5,9,11
Sitio Tahna,5,10,8
Sitio Tahna,5,11,9
Sitio Tahna,5,12,13
Sitio Tahna,5,13,11
Sitio Tahna,5,14,13
Sitio Tahna,5,15,14
Sitio Tahna,5,16,21
Sitio Tahna,5,17,18
Sitio Tahna,5,18,18
Sitio Tahna,5,19,18
Sitio Tahna,5,20,16
Sitio Tahna,5,21,17
Sitio Tahna,5,22,10
Sitio Tahna,5,23,2
Sitio Tahna,6,0,12
Sitio Tahna,6,1,7
Sitio Tahna,6,2,7
Sitio Tahna,6,3,8
Sitio Tahna,6,4,7
Sitio Tahna,6,5,10
Sitio Tahna,6,6,13
Sitio Tahna,6,7,13
Sitio Tahna,6,8,13
Sitio Tahna,6,9,8
Sitio Tahna,6,10,9
Sitio Tahna,6,11,9
Sitio Tahna,6,12,14
Sitio Tahna,6,13,14
Sitio Tahna,6,14,10
Sitio Tahna,6,15,13
Sitio Tahna,6,16,20
Sitio Tahna,6,17,15
Sitio Tahna,6,18,15
Sitio Tahna,6,19,16
Sitio Tahna,6,20,23
Sitio Tahna,6,21,20
Sitio Tahna,6,22,21
Sitio Tahna,6,23,4
